train_loss,epoch,step
1.7187033891677856,0,49
0.43303942680358887,0,99
0.7747201323509216,0,149
0.6508119702339172,0,199
0.2980879545211792,0,249
0.3395352363586426,0,299
0.13742783665657043,0,349
0.24776102602481842,0,399
0.17697829008102417,0,449
0.37503036856651306,0,499
0.19124698638916016,0,549
0.5258680582046509,0,599
0.14711186289787292,0,649
0.23057997226715088,0,699
